071	477	8000	8565	collier	ec1v	hampton	sd345	tif
ani	aniruddha	bounded	cell	cells	deglurkar	gurus	kentucky	notation	rejected	sake	thiss	trivially	uv	wholly
circuitry	coded	corrected	correction	encoding	errrors	expires	glue	linearities	signals	soomro	supposed	tubes	umd	wam
115a	1170	60hz	btg	c51c4r	drastically	hc	preparation	reduces	synchronized
british	chic	clothes	dig	exploitation	fake	link	lit	mike_peredo	opened	peredo	ridiculous
cormack	d91	gskolan	hermansson	hes	nk	pc9_b109	ping	tekn
040	18974	20mhz	2bd07605	3d0	3di	6xx	____________________________________________________________________________	acorn	arm6x	arm6xx	backdraft	beat	ben	blockiness	boot	cache	clips	compactvideo	cuddly	cymdeithas	dsps	earith	eat	heed	hopefully	housekeeping	jaws	latter	mjw19	mwythus	pants	phx	rbarris	replay	reps	stacks	stop	supposed	surrounding	teigrod	tigers	traddodiad	tripos	troi
blitter	calling	destiny	drawer	dstampe	inline	msdos_uploads	poly	psych	psycho	psychologist	reupload	sol	stampe	surv	txt
chars	stroked	wollongong
ge	gwang	recommendation
analytical	analytically	approximately	determining	failed	interests	nonlinear	pressure	recalled	solved	solving	suddenly
11670	131239	66319	acns	aragorn	chair	chapter	culture	longs	organizing	participate	ua	xia	xz775327	yuma	zhao
735400848	abuse	agrees	appendix	assholes	bizarre	capitalized	chalk	despite	emphasis	expense	immense	inability	interchange	misuse	opposed	philosophically	reasoning	simplicity	trapped	unnecessary	whenever	worried	writers
alberta	anyways	cab101	huisman	shot
creature	fripp	haaden	hitchhikers	ingeniorhogskole	launched	millions	philosphy	reveals	rotfl
435	914	_______________________________________________________________________	c13	p230	poughkeepsie	tog	ureply
575	594	6218	7477	92182	arrowheads	arrows	ucssun1	valued	variables	vectors
alfred	bump_map	burnaby	circumstances	dkennett	finite	finitude	fractint	fraser	infinitude	kennett	light_source	look_at	minds	possibilities	sfu	spher	surf	surrounded	whats
breath	c5q0hk	cloudless	dm	feeling	filed	hanging	hawnews	hunt	kod	skin	subdirectories	tend
brant	brr1	cesspool	clueless	compatibles	cosmic	delight	disney	kiedas	lehigh	moshing	ns1	rhcp	ritter	sorts
134802	1r6v3a	21995	bink	bort	cobol	complain	courage	dumped	etry	extn	fg1	fixing	flying	forgiving	hammer	mixed	rj2	splat	survive	svr4	svr4s	x5543
gnuish	indicates	mailed
dat	hochschule	institut	merkur	praktische	sebastian
bort	courage	dumped	etry	extn	fixing	hammer	splat	survive	svr4	svr4s	x5543
adhering	dwinnell	wbdst
20hz	mierzanowski	surprise	tag	tp892275	vine
4535	543	cardiovascular
aio	amsterdam	bw	cold	colored	dirty	dots	faculty	fortunately	fwi	grainy	graylevel	hardcopies	ixos	louzy	marcel	mars	neat	noturn	ppmtopgm	prevents	rotated	specifies	stinks	uva	wider	x11r5	xpr
b5l	c5n3x0	northampton
brook	caffeine	clog	comedian	csws18	drunk	falling	jmuller	libserv1	llnl	rigby	stony	sunysb
0293	15mhz	27039	5ha	776495	785544	815387	877261	adapted	cartridge	divil	ert	europe	faith	fmv	gremlin	hotel	lemmings	litil	mario	microcosm	prl	prlhp0	rage	redhill	retailer	rh1	seri	seventh	speaking	striker	surrey	telex	virgin
735550992	everywhere	intro	middling	pacific	peitgen	rachmat	thorough	treatment
_24x_	easiest	jasper	nermal	photofinish	santarosa
113223	12092	amazing	appealing	correcting	sls	subdirs
2ax	2by	2cz	approximate	datapoints	electronics	estimation	estination	fel	minimise	recipes	rewritten	rijt	rytg7	situations	spherical	sqyares	tno
0200	203	2490747	2492930	approaches	award	fooled	hence	imconv	mess	minimalist	muchly	restructuring	ta	turned	whatnot
balboa	cartography	dyke	infotec	irvine	lvandyke	sunkist	tia
12091	breath	dm	feeling	hanging	skin
040	18974	20mhz	2bd07605	320x240	berkom	burkhard	decstation	eerp	efficient	neideck	portfolio	predates	r3000	rbarris	sec	stacks	task
9760	alternate	interection	passes	refs	spworley	unused	workable
camcorder	chaotic	continuous	dynamical	equipped	freedom	grunge	hsv	hue	lovely	mathematically	negative	norskog	reversal	simulating	solarization	surprising	sweet	technically	thinman	wild
adjustments	boat	bumpy	click	contracting	contraction	danon	differential	distorted	distortedreference	earl	expansion	informed	manually	solved	solving	stretching	successive	treating	treatments	understandable	uniform	uniformly	yaron
1qlobb	actively	affect	c5levt	closes	dangers	decoding	destroyed	explaind	fault	nevertheless	omitted	overlooked	p5a	squashed	targeted	thread	tuegate	unrevcoverable
10179	1st	282162	947	acronym	algebraic	arises	automata	axiom	bases	bleak	charisma	circuit	cities	coin	completeness	condition	cuff	deb	delivered	derivative	dickens	difficulties	divides	dobbin	draws	dullman	eat	electrical	encode	equivalently	examination	executes	expressive	finite	fish	fishing	forced	forward	grobner	halt	halting	hamiltonian	hopcroft	hung	importantly	intersects	invoke	jordan	kernighan	laze	lemma	liberty	linkoping	lipschitz	lpi	lyle	mathematica	metrization	milliseconds	modeled	ncsmith	ndsuvax	newton	np	obfusc	phrasing	polyon	predating	principia	prints	rarely	reduce	regarded	regions	reprint	reprinting	restrict	ritchie	separated	showpage	successfully	suggests	svax	sweden	tale	td	theorem	theory	timothy	turing	ulman	uncountable	undecidable	ursyhon	yngvesson
121	881	achses	bearing	binhex	bugfix	cfranz	chapter	cheinan	christian	compatibel	conversions	demand	enclosed	extracted	fastperftrig	feelt	fpu	franz	fri	fundamentals	greenbelt	guild	marks	oop	poke	primitive	projections	promise	pst	steffen	supply	task	teaches	thu	vers	visualized
465951	466666	482	7rx	compensate	conveniently	cylindrical	death	ehgasm2	emailed	firstly	football	hu6	increases	mathematically	metallic	placed	resembling	secondly	shankley	shed	solving
160944	20236w	____________________________________________________________________	baron	cbw790s	ecclesiastes	experienced	glib	grief	haavard	havardn	increaseth	jimi	mo	nnr	o92a	professionals	s_1	sorrow	southwest	speaking	vm
1praaa	alogorythmn	becomes	eyes	localhost	nn	perth	pqv	quartly	stereogram	steveq
ces	chronicles	clearly	crowd	duo	gamepro	hype	johnm	lot1rapnbh107h	munsch	nation	sega	shown	spudge	stations	syndicated	talks	wired
25335	td
anagram	bandied	hauke	theory	uxbridge	yep
1qukk7innd4l	bothered	busy	circa	closer	dislike	diverted	engulf	happier	hurt	lioness	pixutils	rehashing	rogers	rtfb	traffic	warrant
386bsd	bridges	erc	hintmatt	home2	isu	stealth	stelth
aron01	goldman	gs	raider	schlae	schlaikjer	turning
________________________________	bloom	borders	boundaries	contours	fl	gnv	hearing	ifas	irregular	ld	lurking	pond	profile	sab	superimposed	surfer	trial
csd4	introductory	milwaukee	padmini	srivathsa
344	4413	44135	5029	5033	advancement	aircraft	brookpark	composites	corporate	cowen	curing	devoted	efficient	erie	fite	futile	galiatsato	ge	horowitz	integrated	jay	looney	lunch	manufacture	ncga	polymer	practical	resistance	sampe	speakers	sponsoring	stereolithography	structural	upadhyay	vassilios
270	accepting	actions	activated	adaptations	adapting	addressing	amateur	ambient	animate	animateworld	announcing	apart	assumption	attachment	buffering	callback	calling	cameras	collide	comms	communicated	contributions	counts	criticisms	customizable	customization	desperation	dev	develop	developing	disappointed	encouraged	enhanced	enhancements	entertainment	explorations	fascinating	focused	friction	futures	getworldtype	gouraud	gravity	handler	happening	hates	headache	heart	held	hierachical	hierarchical	hmd	immersive	initialization	installworldobjects	interaction	kindness	messages	null	occurs	outrunning	panels	persona	polygonal	positionobject	practically	pure	receiving	rectified	risk	selectable	sleep	sockets	stairs	terminate	terminating	totally	transparent	uscacsc	wild	worlds
1r1cqiinnje8	coy	finlay	floppies	glanced	hunan	huntsville	intro	larry	larsen	luke	markl	motivator	photorealism	r2	rastek	traces	traycing	wars	watkins
32850	abstact	affiliations	attend	basin	byoh	cdnswc	deadline	deadlines	demonstration	designate	developments	distribute	expires	factsnet	formerly	legs	lip	ness	notification	ocean	phishnet	reproduced	sciviz	shiek	signatures	solicited	sponsor	sponsoring	stockings	taylor	viewgraphs	voicenet
157	3dstudio	735211806	activities	alogirhtm	cfd	cfv	circa	devote	discused	disparate	happier	headings	instructional	lioness	modex	organized	specialized	tha	toolkits	ufcc	vistapro	wonderful
af774	alot	bobcat	cipiti	ent	everyplace	exhausted	hava	heisenberg	hela	knock	ohiou	voxel
24s	basel	basiliensis	crystal	gup	kohut1	matches	planning	unibas	universitas	urz	vlb
1939	22448	663	8332	aris	dahlgren	demetrios	ds	i486s	recompile	sapounas	va	xt
235	273	8872	8971	90212	9100	associates	beverly	blvd	brochure	cymk	eps	hills	insert	lintronix	mapsut	quark
adresses	applicable	developing	experiences	hassle	hinckley	hp730	kph2q	maintaining	neurosurgical	purchasing
19260	1pr9qninniag	blkbox	dfegan	hewlett	houston	jsc	lesc	lescsse	lockheed	packards	reasonably	stucky	sun1x	suutari	tahko	terminals	tesla	utc
actrix	aminet	bickers	biggest	commonly	decoded	gen	gl2p1	hamlab	hint	jacques	jbickers	kraftwerk	lzh	pic2hl	picpal	radioactivity	tap	templar
4535	543	answered	avoided	bringing	cardiovascular	computed	determinant	equidistant	former	implicitly	imprecisions	midpoint	misinterpreting	occasionally	tests	verify
laurier	mach1	mart4678	phil
agiacalo	copying	customized	gauss	giacalo	nmsu	toni
7208	cynical	grad	marvelous	reportedly	sign	students	talked	ttyl	waiting
0010580b	171704	2147	3dcv	67	7qo	c5ecnn	chem	cv4	drube	encapsulated	eps	eps2epsi	epsi	formerly	garching	ipp	mencken	nish	pays	perl	prog	programme	rdd	succes	taxes	timmens	triton	unquestionably	vma7o9
allan	claimed	describes	frankly	hewlett	initial	p78u	packard	sipi
1v6	atd	c4tkgm	chan	channui	com1	com3	conflicts	davis	exceeds	increase	insists	interrupt	investment	modems	nui	ports	probable	reliability	rs232	shopper	sonny	switching	trantor	ville	walveranta	wil
extending	subpolygons	whereby	wollongong
annoys	architec	bounces	bourke	droid	facet	kuryakin	listings	outdo	pavek	unavailable
2880	831	______________________________________________________	attmail	ch41	dislike	elaborate	featured	figaro	hate	hoops	ithaca	lookin	myers	prism	tgs	usr1	wlm	ya
1ra2painn68s	abstractsoft	bounded	detect	phylo	zeno
apparantly	ces	developing	djmst19	dont	licensees	madura	showings	shown	unixd2
fullscreen	gif_file_name	kill	locks	onroot	switches	till
_you_	addictive	disease	dispersion	franklin	hooked	hundred	mackey	ml	mmackey	mucho	oxygen	penumbral	u895027
assist	geigel	gwu	jogle	parser	parsing	seas
0200	203	2490747	2492930	3beta	5mb	approaches	award	cropped	cropping	hdftoppm	ideally	merrily	minimalist	muchly	r5	sunos	suns	ta	whatnot
226536	7716	archchancellor	cardboard	fan	inline	jensen	mustrum	myless	pratchett	proud	reaper	rec	ridcully	strous	team	unable	urgent	vaxc
adabas	focusing	gateway	gupta	introductory	lans	novell	oracle	padmini	srivathsa	sybase
1984	266	boissonnat	boissonnat5	literally	lsk1v9inn93c	mathematica	northampton	nowadays	transactions	triangulations	vast
adnet13	cinch	esp	externals	hopes	hurh	igs	macrayshade	minicad	misplaced	operate	rib	strata	stratavision	swivel	tomorrow	translator	usrs
cunningham	fs1	mdpyssc	mins	ratios
assumes	bother	bounces	bunch	callable	concerned	dirty	exercise	exit	intro	missing	mods	pkzip	spang	spots	sprite	suncad	tasm	thru	transparent	useable	vgl
1r49iainnc3k	burn	chen	echen
1rft1ninnc7s	chaining	coloring	denman	describes	hardy	hudson	meshes	stusoft
2gb	58	absolutely	binhex	canyon	caveat	compressor	edt	evidence	hugh	johnsh	johnson	megabyte	mon	mustang	perfectly	ruined	sake	seven	simplicity	sooner	spare	stu	tie
660	bala	bunkyo	faculty	failed	gw	hong	hongo	hudson	ku	kunii	lcec	lockheed	rabbit	river	shio	vatti
22169	jordahl	nvg	razor	runar	swix	thru	ugle
_ccc_c_	_ccc_c_____chumphre	chumphre	constructor	humphrey	ish	nobody	nz_______________________________	wellington
describe	prefered	realy	tw2	uncompressed	wolf
1281	florian	hphalle2g	oemsetup	ooo	pg
baylor	bcm	collecting	concerned	electical	extender	flexibility	heart	houston	impulses	inputting	lap	married	medicine	phar	raymaker	researcher	vectra
children	difficaltis	equip	famous	ipmce	mech	pasting	prec	russia	spherical	tesselations	valentin	vulihman
appologies	ere	kardan	kardank	kaveh	thread	umontreal
acvax2	anyways	csupomona	cvadrmaz	georgy	pomona	senior	vmsb
0200	0511	101	102	104	108	111	1200	121	122	136	138	139	146	148	1500	155	157	159	174	1921	198	1d	1m	1s7	2000	200k	20771	20k	2100	213	215	2222	2239	224	2268	2272	233	2341	238	2496	25286	256x256	2587	2601	265	272	2748	284	286160	2867	29077	291	2912	296	298	29th	302	3159	325	32789	3342	3473	3480	3582	3700	373	3750	384	389	3w4	405	406	4100	422	4300	43215	435	444	4510	452	4563	458	461	497	4bsd	4m1	50b	5245	527	530	536	545	5541	560	5904	5d	5th	605	614	61820	61826	624	6388	647	6506	6509	655	6695	672	6958	716	7197	720x360	7242	7330	7353	74017	7550	763	7720435	777	7795966	78	786	7879	794	795	7ah	7xx	802	80225	80301	80303	80307	8117	8123	821	8287	84057	8500w	8515	8574	8580	870	87131	8731	8840	890	8900	895	8x8	91030	916	929	93103	93401	9356	938	93940	94025	94404	94555	94720	9484	95677	9570	962	963	966	969	970	981	9900	9909	9999	_believe_	_free_	_procedural	_was_	abilities	acceptably	accepts	accurate	acquire	act	actively	addressed	admin	adrg	advised	aerospace	affine	affinity	agreement	ahpcrc	aid	aimed	airborne	aircraft	airport	airports	albuquerque	algorithmically	algoritmic	alter	altimetry	anatomy	animals	annotate	annotation	annotations	apex	applelink	approval	arden	arpa	ascension	assist	atmospheric	attraction	aukuni	aurelie	automate	avhrr	avs4	baron	baud	belgium	belvedere	berndt	bindings	biosym	bird	birds	bldg	blinn	boats	bonds	boundaries	bourke	bpaul	brick	bringing	broadway	bsq	builds	bundle	burlington	burnaby	buted	buttons	bye	caesar	calculator	caliber	camino	campus	canadian	canonical	capitalization	carriage	carries	cars	cartographic	cartridge	catalog	cataloge	cdrom	cell	census	cerl	cfd	cg	cgi	chama	charmm	chart	chem	chemlab	chvrtd	cia	cifically	cine	cineca	cities	citizens	cleaning	cluster	clustering	cnrc	coastlines	cogs	coincidence	colchester	colormap	columbus	combination	combinations	combined	combining	commonly	communicates	companion	compared	compositing	composition	comprehensive	comprising	comstock	concerns	concise	conditional	configuration	confusing	consisting	consolidate	construction	contacting	contacts	contract	contributed	controlled	controllers	cooperation	copied	corner	corps	corrections	correspondence	cosmic	council	counterpart	country	cournoyer	coverages	coverings	cp2	cristy	crs4	crunching	crystallography	csam	csn	ct	ct2t	cubed	cyberware	cyclotron	d2002	daalo3	daily	datacube	dataexplorer	datafiles	dataglove	datas	dataset	daven	davidr	dcl	dcw	deanza	decoding	decstations	defense	degree	delivers	dem	dems	depths	derived	describes	developing	developments	dial	dicer	digitised	digitizer	digitizers	directcolor	directed	director	discharge	discounts	discover	disperate	distri	ditolla	dlg	dobbs	doll	duncan	dupont	dwrobertson	dynamically	dynamics	earnshaw	earthinfo	earthquake	ease	ecr	editimage	edition	educorp	effective	efficient	eg	elan	electromagnetic	elevations	elmwood	elson	employ	employees	empty	enabling	encapsulation	encounter	energy	engineers	entered	eo	eosat	epcc	equalization	errata	essence	europe	evolving	exabyte	examples	excel	executable	executions	executive	existent	existing	expertise	exploit	exploits	exploring	extending	eyephone	fda	feltham	fft	ffts	fieldview	fifth	filling	finder	fixes	fl	flaminio	flavor	flex	flight	flip	flock	flow	fluid	flying	forward	foster	foundations	fourier	freebie	freemont	friendly	fsu	fundamentally	ganador	gap	generates	generator	genre	geo	geographical	geological	geophysical	geopolitical	gigabytes	gilchrist	gilmore	glassner	glove	goddard	goetz	gold	gondwana	gone	gould	government	graphi	graphically	graphics_	grassp	grassu	gravity	greenbelt	gridded	gridding	grips	grouped	gs	gtx	guldenspoorstraat	haimes	hairy	hal	handled	harrison	hawaii	headerless	headtracker	heart	henders	henderson	hercules	hian	hibbard	hierachical	histo	hobbyist	hoinkes	holdom	hooks	hourly	houses	hp9000	hsv	huckel	hulls	huntington	huntsville	i860s	iap	idraw	igor	ihs	imager	inches	inclusion	incredible	independently	indicates	infinitely	ingr	initial	insight	integrated	integrates	intelligent	intergraph	interpolated	invoke	io	joes	jsc	juan	kaiser	keiser	kelly	kgngraf	kilcore	kilgore	kramer	ku	kuchkuda	l14h11	l4v	laaksone	laaksonen	landman	lang	largely	latitude	lattices	lawn	ldgoc	leehian	leif	lengthy	lerios	lgsowg	liant	libvplot	linked	loads	lockheed	logitech	longitude	lpi	lxt	lybrand	macc	macdraw	macmolecule	macphase	macro	maintained	maintaining	maintains	maintenance	malena	manages	manipulations	mannikin	manufactures	manupulation	mars	master	mathematica	maurice	maxine	mcgraw	mcree	mechanical	megabyte	menlo	merge	meshing	messages	meter	meters	metro	mfil	microstation	middlesex	military	mindtool	mines	minimal	minnesota	miscellaneous	miss	mississauga	mkdir	model1	model2	model3	model4	model5	modification	molsim	monitors	montana	montecito	monterey	monu1	moon	moore	mopac	mounted	mri	msc	msci	mss	multiplanar	mumod	mv	nato	ncb	ncgia	ncsc	nedde	neighbor	nevertheless	newell	ngdc	niehs	nm	nn	nodis	normally	noting	nrcc	ns	nssdca	nth	numeric	nutshell	obispo	observe	oem	offices	offsets	omicron	oncs	operates	operators	orbitals	orders	orem	ottawa	overall	overlaid	overlaying	overview	pacific	packaged	parallelism	parity	parks	part3	participate	partition	pat	patch8	patch9	patchlevel	payload	pbmtext	pcw	pelson	pen	perez	peritek	perutz	pi1	piazzale	pioneer	pique	planetary	polhemus	political	polyline	polylines	polyview	poon	portions	pprg	pricing	primary	probe	produced	projective	promising	property	proton	pseudocoloring	pu	publish	publishing	pv	pvwave	quantity	quek	r4000	radar	radii	railrays	raklin	ranging	rapidly	rasterfile	reach	recorded	recording	red	refer	referred	regularly	reported	resampling	responds	reston	restriction	returns	reusability	rich	rioux	river	rivers	roads	robertson	rodney	rogers	rome	rotations	rsinc	rumors	runtime	sceptre	scivi	screendump	screw	scri	scripps	script	scripting	scripts	scrollbars	scry	seamlessly	searched	segmentation	selled	senses	sep	sequencing	sequent	shinjuku	shipments	shooting	shunjuku	shut	sicence	simd	simgraphics	simplicity	sockets	soest	soft	spaceball	spaced	spaces	spe	specialized	specializes	specialty	spectrometer	spirit	sports	springer	springfield	srp	ss01	ssec	staff	stage	standalone	star5	stardent	stardents	starts	statically	stating	stationary	stewart	stock	stop	story	strategies	stream	streamflow	streams	stretching	strokes	submitted	subroutine	subset	subsystem	subvolumes	suffice	suffolk	suggestion	sumitomo	summer	suns	supercells	supercomputers	supercomputing	supervisor	supplies	swedishchef	synchronization	tae	tang	taravisual	targetted	tations	ten	terminals	terramar	tessellation	textiles	tg	tgif	theoretical	thousand	tiled	tips	tolis	topographic	topography	topologically	touchup	tower	towns	track	trackers	traditional	traditonal	training	trains	trajectories	transfinite	transport	trial	troubles	tso	tutorial	tw13	txt	uark	ucar	ucbvax	ucla	ucsb	ultrasonic	ultrix	uncompression	uniphoto	units	unlimited	v5b	v5g	vab02	vct	vectors	vegetation	venus	veracity	versus	vexcel	vgx	vicar	vides	vis5d	visit	visual3	visualizations	visualize	visually	vmd	volumes	volumetric	voxel	vpl	vplot	vrl	vt	wallpapers	walsh	waltham	warp	wavetracer	wbst128	webster	wejohnston	whom	wire	x11r5	x4	xmol	xyz	yale
1100	c5uhim	jfq	photostyler
320x240	58	alright	ambiguity	apparent	approximation	assured	buffering	burden	causes	chairs	coded	context	crosswise	curtain	decided	dismayed	dispell	displacements	distort	distortions	failed	fills	formulated	hanging	hopefully	illusion	inala	isometric	isomorphic	mood	overly	packed	peripheral	perspectives	pinky	planning	populous	presents	rising	sheared	simplifies	skewed	slope	sticky	tends	till	torches	unfilled	vanishing	vantage	walls
210493100336	295	5418	868	_bsplinesurface	_drawstring3d	advertised	awed	esh	fantastic	faxed	hypercard	john_shepardson	mactutor	moose	mpw	nobody	offscreen	owen	qmail	reusable	reviewed	shepardson	talked	tons
1993apr21	colorix	diskette	horizontally	inch	mich	oklahoma	okstate	softworks	vpic
6934230	6934303	_simple_	delete	epfl	lausanne	link	links	loris	masg1	pane
117	123	1x1	232	240438	25192	38406	386max	4a	512x512	58009	60a	6587	68020	6a	727x525	7544	841099	963829	absence	accomplish	accumulation	accuracy	achieves	acknowledgement	acorn	acquire	active	adhere	adjacent	adjusting	adopt	adopted	adpro	affects	aka	alch161	aldus	alleged	allowed	altered	alternatives	amigados	amigajpegv4	aminet	amounts	amusing	ancient	anim	apparent	appeared	applies	approximating	archival	archiver	argues	argument	asdg	ataris	attempted	augjpeg	averages	avoided	avoiding	balance	bboards	becomes	behavior	belt	bilevel	blockiness	blocksmooth	blocky	blur	blurred	blurriness	blurry	borders	boundaries	boundary	bradley	buggier	buzz	c_x	candidates	canned	capturing	carnegie	cartoon	cartoons	caution	changefsi	characteristic	cheaply	checkbox	chew	choices	chrominance	cica	cinemorph	cited	claimed	clarifications	cleaned	clearly	cli	clicking	coefficient	colormapped	committees	comparable	comparing	compatibility	compilations	complains	complies	compressor	compressors	compushow	concentrates	concern	confusion	conjunction	consequence	consist	constantly	consult	contender	contribute	conv	conversely	coordinated	cope	corresponding	corrupt	cosine	counts	covered	crays	cristy	cropped	cropping	crucial	cshw860a	cuts	cview097	cycles	d8	dcview21	decodable	decode	decoders	decodes	decompressed	decompresses	decompressor	definite	definitely	definition	degrade	degree	deliberate	denominator	denying	descendant	desktop	differently	directions	dirty	disadvantage	discrete	discusses	displace	distinct	distinguish	dithered	djpeg	doctrine	downloading	drawbacks	drawn	dts	dubious	dutch	dvpeg24a	e0	earliest	effectively	efficiently	eg	ega	emit	enlarge	enlargement	enschede	entries	entropy	eventually	exchanged	exchanging	existing	expecting	experimental	experts	expires	exploiting	extremely	eyeballs	facto	factor	factors	fall	fans	fantasy	faq_733898461	fed	feed	fetch	flamed	flashy	followed	forced	forevermore	former	freepost	frequency	frills	fs	ftpable	fullview	functional	generally	gif2jpg	gif2jpg2	glitch	gone	gotten	gp	growing	guaranteed	guarantees	guilders	habit	hacked	hamlab	hamlab208d	handed	handmade	handy	harbor	harder	hardly	hasn	hassles	heading	headings	heavily	hence	highest	historically	hobbes	hogging	hoopla	hsi1	humans	hundred	hv12	identify	illusion	imagefx	imagemaster	imgarc11	impact	improvement	improvements	improving	incidentally	incompatible	inconsistent	indeed	indexing	indistinguishable	inevitable	inferior	infested	initially	inspecting	intend	interchange	intermediate	introduce	introducing	invisible	jay	jbig	join	joint	jpeg4	jpeg4386	jpeg4bin	jpeged	jpeging	jpegsrc	jpegsrc4	jpegv4	jpg25	jpg2gif	jpg50	jpg5o	jpg75	jpg95	justify	jview	kbytes	keeps	keystrokes	kicking	kortink	krehbiel	leaves	legally	lesser	liability	limitations	loses	losing	lossiness	lossy	lucky	m_	macintoshes	macpaint	maker	marginally	mbyte	meaningless	mechanism	mellon	mentioning	microsystems	mighty	milnet	misnomer	misreading	missing	mix	moderator	multiples	myname	mysite	nearby	newamyjpeg	nifty	nmsu	notably	noticeably	notifying	noting	numeric	nutterbrink	oakland	objectionable	observer	obsolete	obtaining	occasionally	offerings	officially	op	optimistic	optimize	organizer	originals	os30	overall	overhead	overlaid	owned	painting	panning	partly	passed	patents	peg	perceived	percent	percentage	perfectly	permanent	physically	pictcompressor	plenty	plug	pmjpeg	pnmconvol	pointed	poorer	popping	portions	pounds	ppmtogif	praetzel	precomputes	prepress	presenting	prevented	previewing	previously	prior	promise	promising	prone	pronounced	property	provision	pure	purely	qemm386	quantizations	quantize	quotes	ranging	rapid	ratio	readable	reasonably	recipients	recommended	recompress	recompressing	record	reduces	refer	referred	refers	regarded	regardless	registering	regularly	releases	rely	remarkable	rend105	rend24	repeated	repeatedly	replacement	representative	reputed	requiring	respectively	reused	revision	rezaei	rid	royalty	safe	satisfied	scales	scroll	sec	selecting	shoddy	shoot	shorter	shortly	sizes	slideshow	sloppiness	smallest	smeared	smoother	speaking	spiffier	squeeze	stable	standalone	standardized	stands	starter	stick	stores	storing	storm	straight	stream	strictly	stripping	stuck	style	submitted	subsets	subtly	suggests	supersedes	surely	tend	tgl	thousands	throwing	thumbnail	tiny	tolerate	trade	tradeoff	transferring	transforms	translate	translator	transmit	transmitting	transportable	transports	trash	tricky	truevision	tt	tuned	turf	turned	uncompressed	unfriendly	unmodified	unsupported	unusably	upenn	uploads	upshot	uuencoded	v0	vague	valley	variant	varied	vary	varying	vastly	vcpi	vesadrv2	viewtek	viewtek104	vjpeg	vpic5	wars	waste	weaker	wecj	whereas	widespread	win	windows3	wizard	wonder	writers	wsmr
gordon	gordon_sumerling	itd	laserwriter	sumerling
667	cel	edinburgh	explicitly	festival	hawkes	positioned	preserved	reload	restarting	rych
buggy	designer
1976	2a7	3480	398	503	514	7348	8236	adequate	c5x9xs	carmo	carmo76differential	cone	curvature	derivatives	differential	electrical	familiar	frederic	h3a	h8902939	hessian	hkuxb	infomation	intelligent	intrinsic	investigations	isometric	khe	lay	leyfre	leymarie	manfredo	manifolds	mcrcim	nowhere	pieces	prentice	publisher	treats	vanishing
11230	192947	b5l	c5n3x0
120	160	212441	2889	34125	4066	838	856	claiming	commercials	consumer	decreased	electric	electronics	flames	fone	hamilton	implied	intensive	ldo	oliveiro	optimizations	radious	ratios	skeptic	spoiled	war
305	6th	861	869	cae	chul	daejon	desirable	dong	eoeun	gw	isc	jxl9011	kist	lim	opportunity	resumes	rit	scientist	senior	seri	skills	ultb	yousung
25335	contex	porky	resist	td
1028	189	193	1981	3359	405	471	532p	6009	93430	aurenhammer	boots	concepts	constructions	derived	dual	fundamental	geometrical	madvax	nedlands	neighbor	okabe	polytopes	sons	sorting	sugihara	surveys	tessellation	tessellations
coos	dartmouth	hauke	jian	lu	purchasing	resoltuion	uxbridge
america	cdi	emerald	fortune	h1p4s4g	manufactured	multiplayer	paid	panasonic	reported	sonderen	westworld	xa	zola
42m	734340159	benchmarked	buggy	class1	micron	quadrilateral	winmarks
kshin	preprocess	produced	thinned	thinning
13495	1d20	1x	2039	212441	34125	4060	76203	9x	a7f81fd2f801023c	ah	assumed	boast	claiming	codecs	confused	consumer	cpus	decreased	denton	distant	dramatically	electronics	enhancements	exception	existence	expanding	flames	horizon	increase	intensive	lc	lied	locked	macromind	marginally	meted	misunderstand	mon	nuntius	operate	optimizers	quadras	radious	reserved	resultant	skeptic	speakers	speeds	spoiled	suffers	surprises	synced	timecode	useragent	vanilla	war	xxdate	xxmessage
1990	7155	activity	argue	breath	chasing	conclude	conditions	correlate	decoders	disbelief	encoding	explicable	fiends	fractally	generator	holding	huh	initial	neat	palatable	perception	practical	reiterate	replaced	shaking	sleeves	summer	tektoniks	torture	uh	unpredictable	volcanic
20apr199312262902	cix	compulink	ddeciacco	deciacco	fullview	lmp8913
ch381	chain	demonstrates	eb192	hela	hildreth	marr	segmentation	sobel	thinning	thresholding	topics
14261	acsu	bison	cat	catalog	dev	homam	radon	ub	xarchie	xgopher	xwais
bogart	hn
danebury	hursley	offline
800x600x24bit	exit	gup	gws	robertson	vlb	win
aliases	ecole	ecs	english	ets	forgot	grape